scenario,total_demand,total_coverage,coverage_ratio,total_shortfall,peak_shortfall,hotspot_shortfall,avg_units_per_shift
risk_aware_1.5,1487.5744318280827,960.3222717041903,0.6455625017190223,527.2521601238924,0.0,0.0,50.0
risk_aware_2.0,1487.5744318280827,959.4595732977187,0.6449825654227179,528.1148585303638,0.0,0.0,50.0
status_quo,1487.5744318280827,957.0691032851291,0.6433756071680967,530.5053285429535,0.0,0.0,50.0
hotspot_protect_top5_min2,1487.5744318280827,864.7313462183298,0.5813029101042426,622.8430856097527,0.0,0.0,50.0
