MAE,RMSE,test_days
0.5980980247492671,0.8912021940991378,14
