MAE,RMSE,test_days
0.5917649799623199,0.8855671323437506,14
