MAE,RMSE,test_days
36.024867256637165,53.391803586931644,14
